epoch,time,train/box_loss,train/cls_loss,train/dfl_loss,metrics/precision(B),metrics/recall(B),metrics/mAP50(B),metrics/mAP50-95(B),val/box_loss,val/cls_loss,val/dfl_loss,lr/pg0,lr/pg1,lr/pg2
1,66.9347,2.11315,2.57923,2.34299,0,0,0,0,0,0,0,0.000663968,0.000663968,0.000663968
2,125.088,2.16134,2.5402,2.34113,0,0,0,0,0,0,0,0.00130429,0.00130429,0.00130429
3,182.402,2.07103,2.44143,2.23839,0,0,0,0,0,0,0,0.00191821,0.00191821,0.00191821
4,239.579,2.03055,2.38339,2.25251,0,0,0,0,0,0,0,0.0018812,0.0018812,0.0018812
5,298.122,1.96707,2.28054,2.16516,0,0,0,0,0,0,0,0.0018416,0.0018416,0.0018416
6,355.721,1.94412,2.26568,2.14804,0,0,0,0,0,0,0,0.001802,0.001802,0.001802
7,413.983,1.9146,2.19139,2.12124,0,0,0,0,0,0,0,0.0017624,0.0017624,0.0017624
8,471.392,1.87461,2.21149,2.08578,0,0,0,0,0,0,0,0.0017228,0.0017228,0.0017228
9,528.816,1.88032,2.15717,2.06763,0,0,0,0,0,0,0,0.0016832,0.0016832,0.0016832
10,586.166,1.84249,2.07174,2.04679,0,0,0,0,0,0,0,0.0016436,0.0016436,0.0016436
11,643.599,1.83061,2.01495,2.03219,0,0,0,0,0,0,0,0.001604,0.001604,0.001604
12,701.074,1.84568,2.01392,2.04198,0,0,0,0,0,0,0,0.0015644,0.0015644,0.0015644
13,758.543,1.80059,1.97356,2.01714,0,0,0,0,0,0,0,0.0015248,0.0015248,0.0015248
14,816.954,1.80328,1.96896,2.00141,0,0,0,0,0,0,0,0.0014852,0.0014852,0.0014852
15,875.408,1.79597,1.93927,2.01701,0,0,0,0,0,0,0,0.0014456,0.0014456,0.0014456
16,932.906,1.75592,1.91493,1.98163,0,0,0,0,0,0,0,0.001406,0.001406,0.001406
17,990.432,1.75489,1.86899,1.97552,0,0,0,0,0,0,0,0.0013664,0.0013664,0.0013664
18,1047.98,1.74893,1.88512,1.9729,0,0,0,0,0,0,0,0.0013268,0.0013268,0.0013268
19,1105.56,1.75277,1.86512,1.96073,0,0,0,0,0,0,0,0.0012872,0.0012872,0.0012872
20,1163.12,1.6994,1.81858,1.95479,0,0,0,0,0,0,0,0.0012476,0.0012476,0.0012476
21,1220.59,1.73159,1.88574,1.96958,0,0,0,0,0,0,0,0.001208,0.001208,0.001208
22,1279.64,1.70249,1.78311,1.94991,0,0,0,0,0,0,0,0.0011684,0.0011684,0.0011684
23,1337.18,1.71672,1.79045,1.94394,0,0,0,0,0,0,0,0.0011288,0.0011288,0.0011288
24,1394.72,1.69532,1.80166,1.93591,0,0,0,0,0,0,0,0.0010892,0.0010892,0.0010892
25,1452.32,1.68065,1.74967,1.92331,0,0,0,0,0,0,0,0.0010496,0.0010496,0.0010496
26,1509.85,1.65736,1.70445,1.91456,0,0,0,0,0,0,0,0.00101,0.00101,0.00101
27,1567.38,1.68661,1.70739,1.92865,0,0,0,0,0,0,0,0.0009704,0.0009704,0.0009704
28,1624.89,1.64737,1.69241,1.91501,0,0,0,0,0,0,0,0.0009308,0.0009308,0.0009308
29,1682.54,1.66229,1.69652,1.90865,0,0,0,0,0,0,0,0.0008912,0.0008912,0.0008912
30,1740.21,1.65563,1.6686,1.89955,0,0,0,0,0,0,0,0.0008516,0.0008516,0.0008516
31,1797.75,1.62978,1.62642,1.87077,0,0,0,0,0,0,0,0.000812,0.000812,0.000812
32,1855.38,1.62074,1.61506,1.87272,0,0,0,0,0,0,0,0.0007724,0.0007724,0.0007724
33,1912.91,1.62246,1.61874,1.89163,0,0,0,0,0,0,0,0.0007328,0.0007328,0.0007328
34,1970.52,1.60743,1.59063,1.87316,0,0,0,0,0,0,0,0.0006932,0.0006932,0.0006932
35,2028.14,1.61821,1.58268,1.89465,0,0,0,0,0,0,0,0.0006536,0.0006536,0.0006536
36,2085.72,1.57915,1.56782,1.85461,0,0,0,0,0,0,0,0.000614,0.000614,0.000614
37,2144.45,1.57217,1.56884,1.85217,0,0,0,0,0,0,0,0.0005744,0.0005744,0.0005744
38,2202.13,1.57158,1.51744,1.83917,0,0,0,0,0,0,0,0.0005348,0.0005348,0.0005348
39,2259.74,1.57782,1.51487,1.85482,0,0,0,0,0,0,0,0.0004952,0.0004952,0.0004952
40,2318.6,1.57137,1.50852,1.83977,0,0,0,0,0,0,0,0.0004556,0.0004556,0.0004556
41,2376.46,1.59034,1.41463,1.93201,0,0,0,0,0,0,0,0.000416,0.000416,0.000416
42,2435.03,1.5696,1.34924,1.94626,0,0,0,0,0,0,0,0.0003764,0.0003764,0.0003764
43,2493.62,1.54989,1.31744,1.93658,0,0,0,0,0,0,0,0.0003368,0.0003368,0.0003368
44,2552.14,1.54814,1.29264,1.9253,0,0,0,0,0,0,0,0.0002972,0.0002972,0.0002972
45,2609.61,1.51704,1.24085,1.89612,0,0,0,0,0,0,0,0.0002576,0.0002576,0.0002576
46,2668.52,1.51763,1.24354,1.88628,0,0,0,0,0,0,0,0.000218,0.000218,0.000218
47,2727.41,1.48608,1.21831,1.88029,0,0,0,0,0,0,0,0.0001784,0.0001784,0.0001784
48,2784.95,1.4849,1.19202,1.87028,0,0,0,0,0,0,0,0.0001388,0.0001388,0.0001388
49,2843.86,1.47381,1.16363,1.85552,0,0,0,0,0,0,0,9.92e-05,9.92e-05,9.92e-05
50,2926.3,1.45274,1.14877,1.84006,0.79479,0.77813,0.84715,0.48568,1.42491,1.02363,1.79182,5.96e-05,5.96e-05,5.96e-05
